NumberOfBins,PredictedOctoberError,PredictedTestError,PredictedUniformError,UniformOctoberError,UniformTestError
20,0.000391027709646,0.000138522332502,0.0143848492867,0.0166842525332,0.0157649891994
40,0.000177368855405,1.80700970569e-05,0.00493657597055,0.0053934146382,0.0051774481548
60,0.000170704348583,2.87819327171e-05,0.002538330188,0.00291354528266,0.00275497761428
100,0.000131809042523,1.89865048946e-05,0.00109228800049,0.00129444305867,0.00119267828656
